{"cameraMode":{"drawMode":0,"name":"Shaded","section":"Shading Mode"},"sceneLighting":false,"audioPlay":false,"sceneViewState":{"showFog":true,"showMaterialUpdate":false,"showSkybox":false,"showFlares":true,"showImageEffects":true,"showParticleSystems":true},"in2DMode":false,"pivot":{"x":-3.625641345977783,"y":-15.374490737915039,"z":18.688446044921876},"rotation":{"x":-0.3270452618598938,"y":0.12620611488819123,"z":-0.04411890730261803,"w":-0.9355069398880005},"size":14.996041297912598,"orthographic":false}