{"cameraMode":{"drawMode":0,"name":"Shaded","section":"Shading Mode"},"sceneLighting":false,"audioPlay":false,"sceneViewState":{"showFog":true,"showMaterialUpdate":false,"showSkybox":false,"showFlares":true,"showImageEffects":true,"showParticleSystems":true},"in2DMode":false,"pivot":{"x":-0.062134116888046268,"y":-2.474818229675293,"z":-3.10675048828125},"rotation":{"x":-0.3243315517902374,"y":0.004821456503123045,"z":-0.0016532553127035499,"w":-0.9459280967712402},"size":8.657033920288086,"orthographic":false}