{"cameraMode":{"drawMode":0,"name":"Shaded","section":"Shading Mode"},"sceneLighting":false,"audioPlay":false,"sceneViewState":{"showFog":true,"showMaterialUpdate":false,"showSkybox":false,"showFlares":true,"showImageEffects":true,"showParticleSystems":true},"in2DMode":false,"pivot":{"x":0.5651826858520508,"y":-10.928366661071778,"z":19.317838668823243},"rotation":{"x":-0.26703083515167239,"y":0.0005748923867940903,"z":-0.0001585447316756472,"w":-0.963689386844635},"size":22.46027183532715,"orthographic":false}