{"cameraMode":{"drawMode":0,"name":"Shaded","section":"Shading Mode"},"sceneLighting":false,"audioPlay":false,"sceneViewState":{"showFog":true,"showMaterialUpdate":false,"showSkybox":false,"showFlares":true,"showImageEffects":true,"showParticleSystems":true},"in2DMode":false,"pivot":{"x":-2.9937305450439455,"y":-3.3716135025024416,"z":3.5994997024536135},"rotation":{"x":0.2695670425891876,"y":-0.3743939697742462,"z":0.1147332713007927,"w":0.8798367381095886},"size":4.604645729064941,"orthographic":false}