{"cameraMode":{"drawMode":0,"name":"Shaded","section":"Shading Mode"},"sceneLighting":false,"audioPlay":false,"sceneViewState":{"showFog":true,"showMaterialUpdate":false,"showSkybox":false,"showFlares":true,"showImageEffects":true,"showParticleSystems":true},"in2DMode":false,"pivot":{"x":0.6873457431793213,"y":-13.425613403320313,"z":22.680234909057618},"rotation":{"x":-0.2711382806301117,"y":0.03954441845417023,"z":-0.011149425990879536,"w":-0.961674690246582},"size":15.144560813903809,"orthographic":false}