{"cameraMode":{"drawMode":0,"name":"Shaded","section":"Shading Mode"},"sceneLighting":false,"audioPlay":false,"sceneViewState":{"showFog":true,"showMaterialUpdate":false,"showSkybox":false,"showFlares":true,"showImageEffects":true,"showParticleSystems":true},"in2DMode":false,"pivot":{"x":1.193436622619629,"y":0.350358247756958,"z":-0.12680697441101075},"rotation":{"x":-0.26603031158447268,"y":0.16299724578857423,"z":-0.04570513591170311,"w":-0.9490117430686951},"size":1.3505058288574219,"orthographic":false}