{"cameraMode":{"drawMode":0,"name":"Shaded","section":"Shading Mode"},"sceneLighting":false,"audioPlay":false,"sceneViewState":{"showFog":true,"showMaterialUpdate":false,"showSkybox":false,"showFlares":true,"showImageEffects":true,"showParticleSystems":true},"in2DMode":false,"pivot":{"x":1.4069207906723023,"y":-1.1371434926986695,"z":-2.8149220943450929},"rotation":{"x":-0.06790364533662796,"y":-0.930971086025238,"z":0.22812435030937196,"w":-0.27700868248939516},"size":2.850505828857422,"orthographic":false}