{"cameraMode":{"drawMode":0,"name":"Shaded","section":"Shading Mode"},"sceneLighting":false,"audioPlay":false,"sceneViewState":{"showFog":true,"showMaterialUpdate":false,"showSkybox":false,"showFlares":true,"showImageEffects":true,"showParticleSystems":true},"in2DMode":false,"pivot":{"x":3.2171292304992677,"y":-2.219189405441284,"z":-3.3892300128936769},"rotation":{"x":-0.09287506341934204,"y":-0.8955787420272827,"z":0.22230519354343415,"w":-0.3741251826286316},"size":4.050505638122559,"orthographic":false}